{
  "Workflows": [
    {
      "Path": null,
      "SortBy": 0,
      "VariablesSectionElementsOrder": [],
      "ArgumentsSectionElementsOrder": null,
      "ConstantsSectionElementsOrder": [],
      "AddedNamespaces": null
    },
    {
      "Path": "Main.xaml",
      "SortBy": 0,
      "VariablesSectionElementsOrder": [
        "covid_output&Sequence_3",
        "stringOutputText&Sequence_3",
        "cvd_date&Sequence_2",
        "Testdate&Sequence_2",
        "Region&Sequence_2",
        "Testresult&Sequence_2",
        "Testtype&Sequence_2",
        "Comments&Sequence_2",
        "Name&Sequence_2",
        "Emaiid&Sequence_2",
        "res&Sequence_2",
        "textastobetype&Sequence_1"
      ],
      "ArgumentsSectionElementsOrder": [],
      "ConstantsSectionElementsOrder": [],
      "AddedNamespaces": null
    }
  ]
}